name,type,price
Alana Wool Stripe Zip-Up Sweater,Sweaters,38.00
Aleah Cotton Stripe Sweater,Sweaters,38.00
Amalie Cable Knit Cardigan,Sweaters,38.00
Amalie Cable Knit Cardigan,Sweaters,38.00
Amalie Cardigan,Sweaters,38.00
Amalie Cardigan,Sweaters,42.00
Amalie Cardigan,Sweaters,40.00
Amalie Cardigan,Sweaters,35.00
Amalie Wool Cardigan,Sweaters,45.00
Amelie Cardigan,Sweaters,38.00
Amelie Cardigan,Sweaters,38.00
Audrey Sweater Vest,Sweaters,28.00
Aura Cable Knit Cardigan,Sweaters,42.00
Autumn Wool Cable Knit Cardigan,Sweaters,48.00
Ayla Cable Knit Hoodie,Hoodies,38.00
Ayla Cable Knit Sweater,Sweaters,38.00
Ayla Cable Knit Zip-Up Sweater,Sweaters,38.00
Ayla Cable Knit Zip-Up Sweater,Sweaters,38.00
Brianna Cotton Sweater,Sweaters,38.00
Brianna Cotton Sweater,Sweaters,42.00
Brianna Cotton Thick Stripe Sweater,Sweaters,38.00
Brianna Cotton Thick Stripe Sweater,Sweaters,38.00
Brianna Cotton Thick Stripe Sweater,Sweaters,38.00
Brianna Stripe Sweater,Sweaters,38.00
Brianna Thin Stripe Cotton Sweater,Sweaters,38.00
Cameron Cropped Sweater,Sweaters,28.00
Camilla Sweater,Sweaters,32.00
Candice Tank Hoodie,Hoodies,28.00
Christy Boston Hoodie,Hoodies,48.00
Christy Georgetown Hoodie,Hoodies,45.00
Christy Hoodie,Hoodies,45.00
Christy Hoodie,Hoodies,45.00
Christy Hoodie,Hoodies,45.00
Christy Hoodie,Hoodies,45.00
Christy Hoodie,Hoodies,45.00
Christy Hoodie,Hoodies,35.00
Christy Hoodie,Hoodies,45.00
Christy Hoodie,Hoodies,45.00
Christy Hoodie,Hoodies,45.00
Christy Hoodie,Hoodies,42.00
Christy Hoodie,Hoodies,45.00
Christy Hoodie,Hoodies,45.00
Christy Hoodie,Hoodies,45.00
Christy Hoodie,Hoodies,45.00
Christy Hoodie,Hoodies,45.00
Christy Hoodie,Hoodies,45.00
Christy Hoodie,Hoodies,45.00
Christy Hoodie,Hoodies,45.00
Christy Hoodie,Hoodies,45.00
Christy Hoodie,Hoodies,42.00
Christy Hoodie,Sweatshirts,45.00
Christy Net Hoodie,Sweaters,28.00
Christy New York Hoodie,Hoodies,48.00
Christy Striped Hoodie,Hoodies,45.00
Colette Boat Neck Sweater,Sweaters,35.00
Elena Cotton Sweater,Sweaters,35.00
Erica Basic Crewneck,Sweatshirts,40.00
Erica Oversized Sweatshirt,Sweatshirts,40.00
Erica Radio Silence Sweatshirt,Sweatshirts,45.00
Erica Sweatshirt,Sweatshirts,40.00
Evelyn Thick Stripe Top,Long sleeve,35.00
Ida Cable Knit Sweater,Sweaters,38.00
Ida Cotton Cable Knit V-Neck Sweater,Sweaters,38.00
Ida Wool Cable Knit Sweater,Sweaters,38.00
Josephine Top,Long Sleeve,21.00
Louise Knit Sweater,Sweaters,38.00
Macie Sweater,Sweaters,38.00
Martha Cotton Thick Sweater,Sweaters,38.00
Martha Cotton Thick Sweater,Sweaters,38.00
Martha Heavy Wool Sweater,Sweaters,38.00
Martha St.Moritz Sweater,Sweaters,42.00
Martha Sweater,Sweaters,38.00
Martha Sweater,Sweaters,38.00
Martha Thick Sweater,Sweaters,38.00
Martha Thick Sweater,Sweaters,38.00
Martha Thick Sweater,Sweaters,38.00
Martha Thick Sweater,Sweaters,38.00
Misty New York Sweatshirt,Sweatshirts,42.00
Nico American Flag Sweater,Sweaters,38.00
Nico American Flag Sweater,Sweaters,38.00
Nico American Flag Sweater,Sweaters,38.00
Nico American Flag Sweater,Sweaters,38.00
Nico UK Flag Sweater,Sweaters,42.00
Olsen Wool Cable Knit Cardigan,Sweaters,38.00
Olsen Wool Cable Knit Cardigan,Sweaters,38.00
Paige Ruffle Long Sleeve Top,Long Sleeve,26.00
Renata Sweater,Sweaters,38.00
Sacha Sweater,Sweaters,35.00
Snow Lodge Greater Yellowstone Sweatshirt,Sweatshirts,38.00
Stelle Newport Sweater,Sweaters,45.00
Zelly Eyelet Top,Long Sleeve,25.00
Zelly Long Sleeve Ribbed Top,Long Sleeve,24.00
Zelly Striped Eyelet Top,Long Sleeve,25.00
Zoe Cable Knit Cardigan,Sweaters,32.00
Zoe Cable Knit Cardigan,Sweaters,35.00
Zoe Cable Knit Cardigan,Sweaters,32.00
